{
"spider":"./jar/fan.txt;md5;dd909349c70fe92e82470eba611b7094",
	"wallpaper": "http://饭太硬.top/深色壁纸/api.php",
	"sites": [{
			"key": "豆豆",
			"name": "🎟豆瓣┃接口免费",
			"type": 3,
			"api": "csp_DouDou",
			"searchable": 0,
			"quickSearch": 0,
			"filterable": 0
		},
		{
			"key": "Bili",
			"name": "🅱哔哩┃收费可耻",
			"type": 3,
			"api": "csp_Bili",
			"style": {
				"type": "rect",
				"ratio": 1.597
			},
			"searchable": 1,
			"quickSearch": 0,
			"changeable": 0,
			"ext": "https://152.32.170.60/fantaiying/fty/raw/branch/master/ext/biliych.json"
		},
		{
			"key": "相声",
			"name": "📻BPQ┃相声",
			"type": 3,
			"searchable": 0,
			"style": {
				"type": "rect",
				"ratio": 1.597
			},
			"quickSearch": 0,
			"api": "csp_XBPQ",
			"jar": "./jar/XBPQ.jar;md5;1484e86a3a4463eaf8ef41c6832a1df0",
			"ext": {
				"主页url": "https://www.xsmp3.com",
				"数组二次截取": "<ul id=\"post_list_box\">&&</ul",
				"数组": "<li class=\"www_xsmp3_com post_list_li\">&&</div>",
				"图片": "https://gd-filems.dancf.com/gaoding/cms/mcm79j/mcm79j/59385/6a211035-3658-45ce-a476-79f6f5dc02b71172884.png?x-oss-process=image/resize,h_1308/interlace,1",
				"标题": "title=\"&&\"",
				"副标题": ">&&</a",
				"链接": "href=\"&&\"",
				"播放二次截取": "autoplay&&;</script>",
				"播放数组": "\\[&&\\]",
				"播放列表": "{&&}",
				"播放链接": "url*\"&&\"",
				"播放标题": "name*\"&&\"",
				"播放副标题": "artist*\"&&\"",
				"线路数组": "相声随身听",
				"线路标题": "相声随身听",
				"导演": "小米",
				"主演": "相声明星",
				"简介": "相声合集",
				"分类url": "https://www.xsmp3.com/{cateId}/{catePg}.html;;av",
				"分类": "郭德纲$gdg#德云社$dys#新势力$xsxsl#青区社$qqs#马三立$msl#更多$xsmj"
			}
		},
		{
			"key": "评书",
			"name": "📻BPQ┃评书",
			"type": 3,
			"searchable": 0,
			"style": {
				"type": "rect",
				"ratio": 1.597
			},
			"quickSearch": 0,
			"api": "csp_XBPQ",
			"jar": "./jar/XBPQ.jar;md5;1484e86a3a4463eaf8ef41c6832a1df0",
			"ext": {
				"主页url": "https://www.psmp3.com",
				"数组二次截取": "<ul id=\"post_list_box\">&&</ul",
				"数组": "<li class=\"www_psmp3_com post_list_li\">&&</div>",
				"图片": "https://bkimg.cdn.bcebos.com/pic/86d6277f9e2f07084e3cb402ee24b899a901f2f3",
				"标题": "title=\"&&\"",
				"副标题": ">&&</a",
				"链接": "href=\"&&\"",
				"播放二次截取": "autoplay&&;</script>",
				"播放数组": "\\[&&\\]",
				"播放列表": "{&&}",
				"播放链接": "url*\"&&\"",
				"播放标题": "name*\"&&\"",
				"播放副标题": "artist*\"&&\"",
				"线路数组": "评书随身听",
				"线路标题": "评书随身听",
				"导演": "小米",
				"主演": "评书明星",
				"简介": "评书合集",
				"分类url": "https://www.psmp3.com/{cateId}/{catePg}.html;;av",
				"分类": "袁阔成$ykc#单田芳$stf#田连元$tly#刘兰芳$llf#连丽如$llr#张少佐$zsz#田战义$tzy"
			}
		},
		{
			"key": "88js",
			"name": "⚽ LIVE┃看球",
			"type": 3,
			"api": "csp_Kanqiu",
			"style": {
				"type": "list"
			},
			"searchable": 0,
			"quickSearch": 0,
			"changeable": 0
		},
		{
			"key": "csp_Czsapp",
			"name": "🏭️1080P┃厂长",
			"type": 3,
			"api": "csp_Czsapp",
			"playerType": 2,
			"searchable": 1,
			"changeable": 0,
			"quickSearch": 1,
			"filterable": 1
		},
		{
			"key": "csp_WoGG",
			"name": "🎈4KK┃玩偶",
			"type": 3,
			"api": "csp_WoGG",
			"searchable": 1,
			"quickSearch": 1,
			"changeable": 0,
			"ext": "http://127.0.0.1:9978/file/tvfan/token.txt+auto|4k|fhd$$$https://api.wogg.xyz/$$$弹"
		},
		{
			"key": "短剧",
			"name": "🌈720P┃短剧",
			"type": 3,
			"api": "csp_Duanju",
			"searchable": 1,
			"quickSearch": 1,
			"changeable": 1
		},
		{
			"key": "白嫖",
			"name": "👻1080P┃白白",
			"type": 3,
			"api": "csp_BaiPiao",
			"playerType": 2,
			"searchable": 1,
			"quickSearch": 1,
			"changeable": 1
		},
		{
			"key": "sansan",
			"name": "⭕️1080P┃解析",
			"type": 3,
			"api": "csp_SP33",
			"searchable": 1,
			"quickSearch": 1,
			"changeable": 0
		},
		{
			"key": "酷看",
			"name": "🦁1080P┃快看",
			"type": 3,
			"api": "csp_Kkys",
			"searchable": 1,
			"quickSearch": 1,
			"changeable": 1
		},
		{
			"key": "赞赞",
			"name": "➕1080P┃切片",
			"type": 3,
			"jar": "./jar/XBPQ.jar;md5;bb155c3f0133bbce4756ad52003f5968",
			"api": "csp_AppYsV2",
			"ext": "http://111.230.51.151:2323/api.php/app/",
			"searchable": 1,
			"quickSearch": 1,
			"changeable": 0
		},
		{
			"key": "南瓜",
			"name": "🎃1080P┃南瓜",
			"type": 3,
			"api": "csp_NanGua",
			"playerType": 2,
			"searchable": 1,
			"quickSearch": 1,
			"changeable": 1
		},
		{
			"key": "csp_77",
			"name": "🥣1080P┃QIQI",
			"type": 3,
			"api": "csp_Kunyu77",
			"searchable": 1,
			"quickSearch": 1,
			"changeable": 1
		},
		{
			"key": "saohuo",
			"name": "🔥1080P┃骚火",
			"type": 3,
			"searchable": 1,
			"changeable": 0,
			"quickSearch": 1,
			"playerType": "2",
			"jar": "./jar/XBPQ.jar;md5;bb155c3f0133bbce4756ad52003f5968",
			"api": "csp_XBPQ",
			"ext": {
				"嗅探词": ".m3u8#.mp4#.m3u8?#freeok.mp4",
				"分类url": "https://shdy2.com/list/{cateId}-{catePg}.html;;vr1au0",
				"分类": "电影$1#电视剧$2#韩剧$22#美剧$23#动漫$4",
				"数组二次截取": "class=\"v_list\">&&</ul>",
				"数组": "\"v_img\"&&/div>",
				"标题": "title=\"&&\"",
				"副标题": "v_note\"&&</div",
				"跳转播放链接": "<iframe*src=\"&&\"",
				"二次跳转播放链接": "https://hhjx.hhplayer.com/api.php;post;url=+var url*\"&&\"+&t=+var t*\"&&\"+&key=+var key*\"&&\"+&act=0+&play=1",
				"三次跳转播放链接": "\"url\"*\"&&\""
			}
		},
		{
			"key": "视觉",
			"name": "👓1080P┃视觉",
			"type": 3,
			"api": "csp_XBPQ",
			"playerType": "2",
			"jar": "./jar/XBPQ.jar;md5;bb155c3f0133bbce4756ad52003f5968",
			"ext": {
				"主页url": "https://www.3ayy.com",
				"简介": "module-info-introduction\">&&</p>",
				"导演": "导演：&&</div>",
				"主演": "主演：&&</div>",
				"影片类型": "module-info-tag\">&&立即播放",
				"影片状态": "集数：&&</div>",
				"数组": "<a&&module-poster-item-info\"[不包含:夸克]",
				"标题": "title=\"&&\"",
				"副标题": "note\">&&</div>",
				"嗅探词": ".mp4#.m3u8",
				"过滤词": "/player/#/index/",
				"图片": "data-original=\"&&\"",
				"播放请求头": "User-Agent$Mozilla/5.0 (Macintosh; Intel Mac OS X 10_15_7) AppleWebKit/537.36 (KHTML, like Gecko) Chrome/118.0.0.0 Safari/537.36",
				"链接": "href=\"&&\"",
			//	"搜索url": "https://www.3ayy.com/index.php/ajax/suggest.html?mid=1&wd={wd}",
			//	"搜索模式": "1",
				//"搜索二次截取": "\"list\":[&&]",
				//"搜索数组": "{&&}",
				//"搜索标题": "\"name\":\"&&\"",
				//"搜索图片": "\"pic\":\"&&\"",
				//"搜索链接": "https://www.3ayy.com/video/+\"id\":&&,+.html",
				"播放数组": "module-play-list-base\">&&</div>",
				"播放标题": "<span>&&</span>",
				"播放列表": "<a&&</a>",
				"分类url": "https://www.3ayy.com/vodshow/{cateId}-{area}-{by}-{class}-{lang}----{catePg}---{year}.html;;a",
				"分类": "电影$1#电视剧$2#综艺$3#动漫$4"
			}
		},
		{
			"key": "freeok",
			"name": "🌟1080P┃FROK",
			"type": 3,
			"api": "csp_XBPQ",
			"playerType": "2",
			"jar": "./jar/XBPQ.jar;md5;bb155c3f0133bbce4756ad52003f5968",
			"ext": {
				"分类url": "https://www.freeok.vip/vod-show/{cateId}-{area}-------{catePg}---{year}.html;;ar1",
				"分类": "FREE电影&FREE剧集&FREE动漫&FREE综艺&FREE短剧&FREE少儿",
				"分类值": "1&2&3&4&12&5",
				"副标题": "<div class=\"module-item-note\">&&</div>",
				"嗅探词": "m3u8#.m3u8#.mp4#freeok.mp4#/obj/",
				"线路数组": "data-dropdown-value=&&</div>[不包含:夸克]",
				"线路标题": "<span>&&</small>",
				"导演": "导演：&&</div>",
				"主演": "主演：&&</div>",
				"简介": "<p>&&</p>"
			}
		},
		{
			"key": "Auete",
			"name": "🏂1080P┃奥特",
			"type": 3,
			"api": "csp_Auete",
			"searchable": 1,
			"quickSearch": 1,
			"changeable": 0,
			"ext": "https://haozhansou.com/"
		},
		{
			"key": "csp_Nmys",
			"name": "🧑1080P┃农民",
			"type": 3,
			"api": "csp_Nmys",
			"searchable": 1,
			"quickSearch": 1,
			"changeable": 0,
			"ext": "https://agit.ai/fantaiying/fty/raw/branch/master/ext/nmys.json"
		},
		{
			"key": "csp_DiDuan",
			"name": "👀1080P┃低端",
			"type": 3,
			"api": "csp_Ddrk",
			"searchable": 1,
			"quickSearch": 1,
			"changeable": 1
		},
		{
			"key": "黑狐",
			"name": "🦊1080P┃黑狐",
			"type": 3,
			"searchable": 1,
			"quickSearch": 1,
			"changeable": 1,
			"jar": "./jar/XBPQ.jar;md5;bb155c3f0133bbce4756ad52003f5968",
			"playerType": "2",
			"api": "csp_XBPQ",
			"ext": {
				"站名": "黑狐影院",
				"主页url": "http://fagmn.com",
				"数组": "class=\"stui-vodlist__box\"&&</a",
				"图片": "data-original=\"&&\"",
				"标题": "title=\"&&\"",
				"链接": "href=\"&&\"",
				"嗅探词": ".m3u8?#v3.huoshanvod.com#.m3u8#v3-dy-o.zjcdn#sf16-sg.larksuitecdn.com#v.kd1.qq.com#.mp4",
				"过滤词": "/hls/#php",
				"副标题": "<span class=\"pic-text text-right\">&&</span>",
				"搜索url": "http://fagmn.com/search.php;post;searchword={wd}",
				"搜索模式": "1",
				"搜索数组": "<a class=\"v-thumb stui-vodlist__thumb&&</a>",
				"搜索图片": "data-original=\"&&\"",
				"搜索标题": "title=\"&&\"",
				"搜索链接": "href=\"&&\"",
				"搜索副标题": "<span class=\"pic-text text-right\">&&</span>",
				"搜索后缀": "/view/",
				"线路数组": "href=\"#down&&/a>[替换:奇异视频>>黑狐一线#优酷视频>>黑狐二线#搜狐视频>>黑狐三线#咪咕视频>>黑狐四线]",
				"线路标题": ">&&<",
				"播放数组": "class=\"stui-content__playlist clearfix&&</ul>",
				"状态": "地区：&&</p>",
				"导演": "导演：&&</p>",
				"主演": "主演：&&</p>",
				"简介": "简介：&&</div>",
				"播放列表": "<a&&/a>",
				"播放标题": ">&&<",
				"播放链接": "href=\"&&\"",
				"免嗅": "0",
				"分类": "电影$1#电视剧$2#动漫$3#综艺$4",
				"分类url": "http://fagmn.com/list/{cateId}_{catePg}.html?order=time"
			}
		},
		{
			"key": "双黄",
			"name": "🥚1080P┃蛋蛋",
			"type": 3,
			"jar": "./jar/XBPQ.jar;md5;bb155c3f0133bbce4756ad52003f5968",
			"api": "csp_XBPQ",
			"ext": {
				"嗅探词": "v3.toutiaovod.com#v3-dy-o.zjcdn#.m3u8#/tos/#.mp4",
				"请求头": "手机#Referer$https://www.dandanju.cc/",
				"分类url": "https://www.dandanju.cc/show/{cateId}--------{catePg}---2023.html",
				"分类": "电影$1#剧集$2#动漫$4#综艺$4",
				"数组": " <li class=\"col-md-6 col-sm-4 col-xs-3&&</li",
				"搜索模式": "1",
				"搜索url": "https://www.dandanju.cc/search/{wd}----------1---.html",
				"搜索数组": "<li class=\"active clearfix&&</li"
			}
		},
		{
			"key": "即可",
			"name": "👋1080P┃即刻",
			"type": 3,
			"jar": "./jar/XBPQ.jar;md5;bb155c3f0133bbce4756ad52003f5968",
			"api": "csp_XBPQ",
			"ext": {
				"嗅探词": ".m3u8",
				"分类url": "https://www.jkdy.cc/vodshow/{cateId}-{area}-------{catePg}---{year}.html",
				"分类": "电影$1#剧集$2#动漫$4#综艺$4",
				"搜索模式": "0"
			}
		},
		{
			"key": "茶杯",
			"name": "🍵1080P┃茶杯",
			"type": 3,
			"jar": "./jar/XBPQ.jar;md5;bb155c3f0133bbce4756ad52003f5968",
			"api": "csp_XBPQ",
			"ext": {
				"嗅探词": "v3.toutiaovod.com#v3-dy-o.zjcdn#.m3u8#/tos/#.mp4",
				"请求头": "手机#Referer$https://www.cupfox1.cc",
				"分类url": "https://cupfox1.cc/show/{cateId}/area/{area}/page/{catePg}/year/{year}.html",
				"标题": "movie-title txtHide\"*>&&</div",
				"副标题": "豆瓣评分+div class=\"movie-rating cor4\">&&</div>",
				"分类": "电影$1#剧集$2#动漫$4#综艺$4"
			}
		},
		{
			"key": "热播库",
			"name": "🔥1080P┃热播",
			"type": 3,
			"changeable": 1,
			"jar": "./jar/XBPQ.jar;md5;bb155c3f0133bbce4756ad52003f5968",
			"api": "csp_XBPQ",
			"playerType": "1",
			"ext": {
				"主页url": "https://rebozj.pro",
				"数组": "class=\"stui-vodlist__thumb lazyload&&</a>",
				"图片": "data-original=\"&&\"",
				"标题": "title=\"&&\"",
				"链接": "href=\"&&\"",
				"副标题": "class=\"pic-text text-right\"><b>&&</span>",
				"搜索模式": "1",
				"嗅探词": ".m3u8#video_mp4#tos-#.mp4#cdn.123pan.cn#huoshanvod.com",
				"搜索url": "https://rebozj.pro/type/id-.html?wd={wd}",
				"线路数组": "<h4 class=\"title&&/h4>",
				"线路标题": ">&&<",
				"播放列表": "<a&&/a>",
				"播放标题": ">&&<",
				"影片类型": "类型：&&</p>",
				"导演": "导演：&&</p>",
				"主演": "主演：&&</p>",
				"简介": "display: none;\">&&</span>",
				"分类": "电视剧$2#电影$1#综艺$3#动漫$4",
				"分类url": "https://rebozj.pro/show/{cateId}--{area}------{catePg}---{year}.html;;a",
				"跳转播放链接": "urlDecode(vod_class*url\":\"&&\")"
			}
		},
		{
			"key": "alist",
			"name": "🍰ALIST┃托盘",
			"type": 3,
			"playerType": "1",
			"jar": "./jar/XBPQ.jar;md5;bb155c3f0133bbce4756ad52003f5968",
			"api": "csp_AList",
			"searchable": 1,
			"quickSearch": 0,
			"filterable": 1,
			"ext": {
				"vodPic": "https://s1.imagehub.cc/images/2023/11/13/98b4ce8284509da2525ddb9d8aac83a0.th.jpeg",
				"drives": [{
					"name": "🦆托盘",
					"server": "https://pan.mediy.cn/"
				}]
			}
		},
		{
			"key": "YiSo",
			"name": "☁️4KK┃易搜",
			"type": 3,
			"api": "csp_YiSo",
			"searchable": 1,
			"quickSearch": 1,
			"filterable": 0,
			"changeable": 0,
			"ext": "http://127.0.0.1:9978/file/tvboxqq/token.txt+4k|fhd|auto$$$satoken=1aee2366-2ff4-4436-b321-a14db23e8294"
		},
		{
			"key": "PanSou",
			"name": "🦊4KK┃盘搜",
			"type": 3,
			"api": "csp_PanSou",
			"searchable": 1,
			"quickSearch": 1,
			"changeable": 0,
			"ext": "http://127.0.0.1:9978/file/tvfan/token.txt+4k|auto|fhd"
		},
		{
			"key": "七夜",
			"name": "😾4KK┃七夜",
			"type": 3,
			"api": "csp_Dovx",
			"searchable": 1,
			"quickSearch": 1,
			"changeable": 0,
			"ext": "http://127.0.0.1:9978/file/tvfan/token.txt+auto|4k|fhd"
		},
		{
			"key": "UpYun",
			"name": "☁️4KK┃UP搜",
			"type": 3,
			"api": "csp_UpYun",
			"searchable": 1,
			"quickSearch": 1,
			"filterable": 0,
			"changeable": 0,
			"ext": "http://127.0.0.1:9978/file/tvboxqq/token.txt+4k|fhd|auto"
		},
		{
			"key": "push_agent",
			"name": "公众号：神秘的哥哥们",
			"type": 3,
			"api": "csp_Push",
			"searchable": 1,
			"quickSearch": 1,
			"filterable": 1,
			"ext": "http://127.0.0.1:9978/file/tvboxqq/token.txt"
		}
	],
	"parses": [{
			"name": "解析聚合",
			"type": 3,
			"url": "Demo"
		},
		{
			"name": "Json并发",
			"type": 2,
			"url": "Parallel"
		},
		{
			"name": "Json轮询",
			"type": 2,
			"url": "Sequence"
		},
		{
			"name": "爱酷🌾",
			"type": 1,
			"url": "http://42.157.129.139:7788/json/aiku.php?url=",
			"ext": {
				"flag": [
					"seven",
					"mgtv",
					"qiyi",
					"imgo",
					"爱奇艺",
					"奇艺",
					"qq",
					"腾讯",
					"youku",
					"优酷",
					"pptv",
					"PPTV",
					"letv",
					"乐视",
					"leshi",
					"bilibili",
					"哔哩哔哩",
					"哔哩",
					"mgtv",
					"芒果",
					"芒果"
				],
				"header": {
					"User-Agent": "Lavf/58.12.100"
				}
			}
		},
		{
			"name": "蚂蚁🌾",
			"type": 1,
			"url": "http://121.62.61.51:6888/api/?key=n669JAmIzmG1K813tb&url=",
			"ext": {
				"flag": [
					"NBY"
				],
				"header": {
					"User-Agent": "okhttp/4.1.0"
				}
			}
		},
		{
			"name": "米饭🌾",
			"type": 0,
			"url": "https://jx.yangtu.top/?url=",
			"ext": {
				"flag": [
					"爱奇艺",
					"奇艺",
					"qq",
					"腾讯",
					"youku",
					"优酷",
					"pptv",
					"PPTV",
					"letv",
					"乐视",
					"leshi",
					"bilibili",
					"哔哩哔哩",
					"哔哩",
					"mgtv",
					"芒果",
					"芒果"
				],
				"header": {
					"User-Agent": "Mozilla/5.0 (Linux; Android 6.0; Nexus 5 Build/MRA58N) AppleWebKit/537.36 (KHTML, like Gecko) Chrome/120.0.0.0 Mobile Safari/537.36"
				}
			}
		}
	],
	"lives": [{
		"name": "IPv4",
		"type": 0,
		"url": "http://124.223.177.85:88/svip/直播挺快.txt",
		"ua": "okhttp/3.12.13",
		"epg": "http://epg.112114.xyz/?ch={name}&date={date}",
		"logo": "https://epg.112114.xyz/logo/{name}.png"
	}],
	"doh": [{
			"name": "Google",
			"url": "https://dns.google/dns-query",
			"ips": [
				"8.8.4.4",
				"8.8.8.8"
			]
		},
		{
			"name": "Cloudflare",
			"url": "https://cloudflare-dns.com/dns-query",
			"ips": [
				"1.1.1.1",
				"1.0.0.1",
				"2606:4700:4700::1111",
				"2606:4700:4700::1001"
			]
		},
		{
			"name": "AdGuard",
			"url": "https://dns.adguard.com/dns-query",
			"ips": [
				"94.140.14.140",
				"94.140.14.141"
			]
		},
		{
			"name": "DNSWatch",
			"url": "https://resolver2.dns.watch/dns-query",
			"ips": [
				"84.200.69.80",
				"84.200.70.40"
			]
		},
		{
			"name": "Quad9",
			"url": "https://dns.quad9.net/dns-quer",
			"ips": [
				"9.9.9.9",
				"149.112.112.112"
			]
		}
	],
	"rules": [{
			"name": "proxy",
			"hosts": [
				"raw.githubusercontent.com",
				"googlevideo.com",
				"cdn.v82u1l.com",
				"cdn.iz8qkg.com",
				"cdn.kin6c1.com",
				"c.biggggg.com",
				"c.olddddd.com",
				"haiwaikan.com",
				"www.histar.tv",
				"youtube.com",
				"uhibo.com",
				".*boku.*",
				".*nivod.*",
				".*ulivetv.*"
			]
		},
		{
			"name": "海外看",
			"hosts": [
				"haiwaikan"
			],
			"regex": [
				"8.1748",
				"10.0099",
				"10.3333"
			]
		},
		{
			"name": "暴风廣告",
			"hosts": [
				"bfzy",
				"s5.bfzycdn"
			],
			"regex": [
				"#EXT-X-DISCONTINUITY\\r*\\n*#EXTINF:3,[\\s\\S]*?#EXT-X-DISCONTINUITY"
			]
		},
		{
			"name": "星星",
			"hosts": [
				"aws.ulivetv.net"
			],
			"regex": [
				"#EXT-X-DISCONTINUITY\\r*\\n*#EXTINF:8,[\\s\\S]*?#EXT-X-DISCONTINUITY",
				"#EXT-X-DISCONTINUITY\\r*\\n*#EXTINF:9,[\\s\\S]*?#EXT-X-DISCONTINUITY"
			]
		},
		{
			"name": "量子廣告",
			"hosts": [
				"vip.lz",
				"hd.lz",
				"v.cdnlz"
			],
			"regex": [
				"#EXT-X-DISCONTINUITY\\r*\\n*#EXTINF:6.433333,[\\s\\S]*?#EXT-X-DISCONTINUITY",
				"#EXTINF.*?\\s+.*?1o.*?\\.ts\\s+"
			]
		},
		{
			"name": "非凡廣告",
			"hosts": [
				"vip.ffzy",
				"hd.ffzy"
			],
			"regex": [
				"#EXT-X-DISCONTINUITY\\r*\\n*#EXTINF:6.666667,[\\s\\S]*?#EXT-X-DISCONTINUITY",
				"#EXTINF.*?\\s+.*?1o.*?\\.ts\\s+"
			]
		},
		{
			"name": "火山嗅探",
			"hosts": [
				"huoshan.com"
			],
			"regex": [
				"item_id="
			]
		},
		{
			"name": "抖音嗅探",
			"hosts": [
				"douyin.com"
			],
			"regex": [
				"is_play_url="
			]
		}
	],
	"flags": [
		"优酷视频",
		"youku",
		"优酷",
		"优 酷",
		"优酷视频",
		"qq",
		"腾讯",
		"腾 讯",
		"腾讯视频",
		"iqiyi",
		"qiyi",
		"奇艺",
		"爱奇艺",
		"爱 奇 艺",
		"m1905",
		"xigua",
		"letv",
		"leshi",
		"乐视",
		"乐 视",
		"sohu",
		"搜狐",
		"搜 狐",
		"搜狐视频",
		"tudou",
		"pptv",
		"mgtv",
		"芒果",
		"imgo",
		"芒果TV",
		"芒 果 T V",
		"bilibili",
		"哔 哩",
		"哔 哩 哔 哩"
	],
	"ads": [
		"wan.51img1.com",
		"iqiyi.hbuioo.com",
		"vip.ffzyad.com",
		"https://lf1-cdn-tos.bytegoofy.com/obj/tos-cn-i-dy/455ccf9e8ae744378118e4bd289288dd"
	]
}